Id_Encuesta,estallido_17,MBP20a,MBP20b,MBP20c,MBP20d,MBP20e,MBP20g,MBP20h,MBP20j
1,,,,,,,,,
2,,,,,,,,,
4,,,,,,,,,
5,,,,,,,,,
6,,,,,,,,,
7,,,,,,,,,
9,,,,,,,,,
10,,,,,,,,,
11,,,,,,,,,
12,,,,,,,,,
15,,,,,,,,,
16,,,,,,,,,
17,,,,,,,,,
18,,,,,,,,,
20,,,,,,,,,
23,,,,,,,,,
24,,,,,,,,,
25,,,,,,,,,
26,,,,,,,,,
28,,,,,,,,,
29,,,,,,,,,
31,,,,,,,,,
32,,,,,,,,,
33,,,,,,,,,
34,,,,,,,,,
35,,,,,,,,,
36,,,,,,,,,
37,,,,,,,,,
38,,,,,,,,,
39,,,,,,,,,
41,,,,,,,,,
43,,,,,,,,,
44,,,,,,,,,
45,,,,,,,,,
47,,,,,,,,,
48,,,,,,,,,
49,,,,,,,,,
50,,,,,,,,,
51,,,,,,,,,
52,,,,,,,,,
53,,,,,,,,,
54,,,,,,,,,
55,,,,,,,,,
56,,,,,,,,,
57,,,,,,,,,
58,,,,,,,,,
59,,,,,,,,,
60,,,,,,,,,
61,,,,,,,,,
62,,,,,,,,,
63,,,,,,,,,
64,,,,,,,,,
65,,,,,,,,,
66,,,,,,,,,
67,,,,,,,,,
68,,,,,,,,,
69,,,,,,,,,
70,,,,,,,,,
71,,,,,,,,,
72,,,,,,,,,
73,,,,,,,,,
74,,,,,,,,,
75,,,,,,,,,
76,,,,,,,,,
77,,,,,,,,,
78,,,,,,,,,
79,,,,,,,,,
80,,,,,,,,,
81,,,,,,,,,
82,,,,,,,,,
83,,,,,,,,,
84,,,,,,,,,
85,,,,,,,,,
86,,,,,,,,,
87,,,,,,,,,
88,,,,,,,,,
89,,,,,,,,,
90,,,,,,,,,
91,,,,,,,,,
92,,,,,,,,,
93,,,,,,,,,
94,,,,,,,,,
95,,,,,,,,,
96,,,,,,,,,
97,,,,,,,,,
98,,,,,,,,,
99,,,,,,,,,
100,,,,,,,,,
101,,,,,,,,,
102,,,,,,,,,
103,,,,,,,,,
104,,,,,,,,,
105,,,,,,,,,
106,,,,,,,,,
107,,,,,,,,,
108,,,,,,,,,
109,,,,,,,,,
110,,,,,,,,,
111,,,,,,,,,
112,,,,,,,,,
113,,,,,,,,,
115,,,,,,,,,
116,,,,,,,,,
117,,,,,,,,,
118,,,,,,,,,
119,,,,,,,,,
120,,,,,,,,,
121,,,,,,,,,
122,,,,,,,,,
123,,,,,,,,,
124,,,,,,,,,
125,,,,,,,,,
126,,,,,,,,,
127,,,,,,,,,
128,,,,,,,,,
130,,,,,,,,,
133,,,,,,,,,
134,,,,,,,,,
135,,,,,,,,,
136,,,,,,,,,
137,,,,,,,,,
138,,,,,,,,,
139,,,,,,,,,
140,,,,,,,,,
141,,,,,,,,,
142,,,,,,,,,
143,,,,,,,,,
144,,,,,,,,,
145,,,,,,,,,
146,,,,,,,,,
147,,,,,,,,,
148,,,,,,,,,
149,,,,,,,,,
150,,,,,,,,,
152,,,,,,,,,
154,,,,,,,,,
155,,,,,,,,,
156,,,,,,,,,
157,,,,,,,,,
158,,,,,,,,,
159,,,,,,,,,
160,,,,,,,,,
162,,,,,,,,,
164,,,,,,,,,
166,,,,,,,,,
167,,,,,,,,,
168,,,,,,,,,
169,,,,,,,,,
170,,,,,,,,,
172,,,,,,,,,
174,,,,,,,,,
175,,,,,,,,,
176,,,,,,,,,
177,,,,,,,,,
178,,,,,,,,,
179,,,,,,,,,
180,,,,,,,,,
181,,,,,,,,,
182,,,,,,,,,
183,,,,,,,,,
185,,,,,,,,,
186,,,,,,,,,
187,,,,,,,,,
188,,,,,,,,,
189,,,,,,,,,
191,,,,,,,,,
192,,,,,,,,,
193,,,,,,,,,
194,,,,,,,,,
195,,,,,,,,,
196,,,,,,,,,
197,,,,,,,,,
198,,,,,,,,,
199,,,,,,,,,
200,,,,,,,,,
201,,,,,,,,,
203,,,,,,,,,
206,,,,,,,,,
207,,,,,,,,,
208,,,,,,,,,
209,,,,,,,,,
210,,,,,,,,,
211,,,,,,,,,
212,,,,,,,,,
213,,,,,,,,,
215,,,,,,,,,
216,,,,,,,,,
217,,,,,,,,,
218,,,,,,,,,
219,,,,,,,,,
220,,,,,,,,,
221,,,,,,,,,
222,,,,,,,,,
223,,,,,,,,,
224,,,,,,,,,
225,,,,,,,,,
226,,,,,,,,,
227,,,,,,,,,
230,,,,,,,,,
231,,,,,,,,,
233,,,,,,,,,
235,,,,,,,,,
236,,,,,,,,,
237,,,,,,,,,
238,,,,,,,,,
239,,,,,,,,,
241,,,,,,,,,
242,,,,,,,,,
243,,,,,,,,,
246,,,,,,,,,
247,,,,,,,,,
248,,,,,,,,,
249,,,,,,,,,
251,,,,,,,,,
253,,,,,,,,,
254,,,,,,,,,
257,,,,,,,,,
259,,,,,,,,,
260,,,,,,,,,
262,,,,,,,,,
263,,,,,,,,,
264,,,,,,,,,
265,,,,,,,,,
266,,,,,,,,,
267,,,,,,,,,
269,,,,,,,,,
272,,,,,,,,,
273,,,,,,,,,
274,,,,,,,,,
275,,,,,,,,,
276,,,,,,,,,
277,,,,,,,,,
283,,,,,,,,,
284,,,,,,,,,
287,,,,,,,,,
293,,,,,,,,,
296,,,,,,,,,
297,,,,,,,,,
299,,,,,,,,,
301,,,,,,,,,
303,,,,,,,,,
305,,,,,,,,,
307,,,,,,,,,
308,,,,,,,,,
309,,,,,,,,,
310,,,,,,,,,
312,,,,,,,,,
313,,,,,,,,,
315,,,,,,,,,
316,,,,,,,,,
317,,,,,,,,,
318,,,,,,,,,
319,,,,,,,,,
320,,,,,,,,,
322,,,,,,,,,
323,,,,,,,,,
324,,,,,,,,,
325,,,,,,,,,
326,,,,,,,,,
327,,,,,,,,,
328,,,,,,,,,
329,,,,,,,,,
330,,,,,,,,,
331,,,,,,,,,
332,,,,,,,,,
333,,,,,,,,,
334,,,,,,,,,
335,,,,,,,,,
336,,,,,,,,,
337,,,,,,,,,
338,,,,,,,,,
339,,,,,,,,,
341,,,,,,,,,
342,,,,,,,,,
343,,,,,,,,,
344,,,,,,,,,
345,,,,,,,,,
346,,,,,,,,,
347,,,,,,,,,
349,,,,,,,,,
350,,,,,,,,,
351,,,,,,,,,
352,,,,,,,,,
355,,,,,,,,,
356,,,,,,,,,
357,,,,,,,,,
358,,,,,,,,,
359,,,,,,,,,
360,,,,,,,,,
361,,,,,,,,,
363,,,,,,,,,
364,,,,,,,,,
366,,,,,,,,,
367,,,,,,,,,
369,,,,,,,,,
370,,,,,,,,,
372,,,,,,,,,
374,,,,,,,,,
375,,,,,,,,,
376,,,,,,,,,
378,,,,,,,,,
379,,,,,,,,,
380,,,,,,,,,
381,,,,,,,,,
382,,,,,,,,,
385,,,,,,,,,
386,,,,,,,,,
387,,,,,,,,,
388,,,,,,,,,
389,,,,,,,,,
390,,,,,,,,,
391,,,,,,,,,
392,,,,,,,,,
393,,,,,,,,,
394,,,,,,,,,
395,,,,,,,,,
396,,,,,,,,,
399,,,,,,,,,
400,,,,,,,,,
401,,,,,,,,,
402,,,,,,,,,
403,,,,,,,,,
405,,,,,,,,,
406,,,,,,,,,
409,,,,,,,,,
410,,,,,,,,,
411,,,,,,,,,
412,,,,,,,,,
414,,,,,,,,,
415,,,,,,,,,
416,,,,,,,,,
417,,,,,,,,,
418,,,,,,,,,
419,,,,,,,,,
420,,,,,,,,,
421,,,,,,,,,
422,,,,,,,,,
423,,,,,,,,,
424,,,,,,,,,
425,,,,,,,,,
426,,,,,,,,,
427,,,,,,,,,
428,,,,,,,,,
429,,,,,,,,,
430,,,,,,,,,
431,,,,,,,,,
432,,,,,,,,,
434,,,,,,,,,
435,,,,,,,,,
436,,,,,,,,,
437,,,,,,,,,
438,,,,,,,,,
439,,,,,,,,,
440,,,,,,,,,
441,,,,,,,,,
442,,,,,,,,,
445,,,,,,,,,
446,,,,,,,,,
447,,,,,,,,,
448,,,,,,,,,
449,,,,,,,,,
450,,,,,,,,,
451,,,,,,,,,
452,,,,,,,,,
454,,,,,,,,,
456,,,,,,,,,
457,,,,,,,,,
458,,,,,,,,,
459,,,,,,,,,
460,,,,,,,,,
461,,,,,,,,,
462,,,,,,,,,
463,,,,,,,,,
464,,,,,,,,,
467,,,,,,,,,
471,,,,,,,,,
472,,,,,,,,,
473,,,,,,,,,
474,,,,,,,,,
475,,,,,,,,,
476,,,,,,,,,
477,,,,,,,,,
478,,,,,,,,,
479,,,,,,,,,
480,,,,,,,,,
481,,,,,,,,,
482,,,,,,,,,
483,,,,,,,,,
484,,,,,,,,,
485,,,,,,,,,
486,,,,,,,,,
490,,,,,,,,,
493,,,,,,,,,
494,,,,,,,,,
495,,,,,,,,,
496,,,,,,,,,
499,,,,,,,,,
500,,,,,,,,,
502,,,,,,,,,
503,,,,,,,,,
504,,,,,,,,,
505,,,,,,,,,
506,,,,,,,,,
507,,,,,,,,,
509,,,,,,,,,
510,,,,,,,,,
511,,,,,,,,,
512,,,,,,,,,
513,,,,,,,,,
516,,,,,,,,,
518,,,,,,,,,
519,,,,,,,,,
521,,,,,,,,,
522,,,,,,,,,
523,,,,,,,,,
524,,,,,,,,,
525,,,,,,,,,
526,,,,,,,,,
527,,,,,,,,,
528,,,,,,,,,
529,,,,,,,,,
530,,,,,,,,,
531,,,,,,,,,
533,,,,,,,,,
534,,,,,,,,,
535,,,,,,,,,
536,,,,,,,,,
537,,,,,,,,,
538,,,,,,,,,
539,,,,,,,,,
540,,,,,,,,,
541,,,,,,,,,
542,,,,,,,,,
543,,,,,,,,,
546,,,,,,,,,
547,,,,,,,,,
548,,,,,,,,,
551,,,,,,,,,
552,,,,,,,,,
554,,,,,,,,,
555,,,,,,,,,
556,,,,,,,,,
557,,,,,,,,,
559,,,,,,,,,
560,,,,,,,,,
561,,,,,,,,,
562,,,,,,,,,
563,,,,,,,,,
564,,,,,,,,,
565,,,,,,,,,
567,,,,,,,,,
568,,,,,,,,,
569,,,,,,,,,
570,,,,,,,,,
571,,,,,,,,,
572,,,,,,,,,
574,,,,,,,,,
575,,,,,,,,,
577,,,,,,,,,
578,,,,,,,,,
579,,,,,,,,,
580,,,,,,,,,
581,,,,,,,,,
582,,,,,,,,,
583,,,,,,,,,
585,,,,,,,,,
586,,,,,,,,,
587,,,,,,,,,
589,,,,,,,,,
590,,,,,,,,,
591,,,,,,,,,
592,,,,,,,,,
593,,,,,,,,,
594,,,,,,,,,
595,,,,,,,,,
596,,,,,,,,,
597,,,,,,,,,
598,,,,,,,,,
599,,,,,,,,,
600,,,,,,,,,
603,,,,,,,,,
604,,,,,,,,,
605,,,,,,,,,
606,,,,,,,,,
607,,,,,,,,,
608,,,,,,,,,
609,,,,,,,,,
610,,,,,,,,,
611,,,,,,,,,
612,,,,,,,,,
614,,,,,,,,,
615,,,,,,,,,
616,,,,,,,,,
617,,,,,,,,,
618,,,,,,,,,
619,,,,,,,,,
620,,,,,,,,,
621,,,,,,,,,
622,,,,,,,,,
623,,,,,,,,,
625,,,,,,,,,
626,,,,,,,,,
627,,,,,,,,,
628,,,,,,,,,
629,,,,,,,,,
630,,,,,,,,,
631,,,,,,,,,
632,,,,,,,,,
633,,,,,,,,,
634,,,,,,,,,
635,,,,,,,,,
636,,,,,,,,,
637,,,,,,,,,
638,,,,,,,,,
639,,,,,,,,,
640,,,,,,,,,
641,,,,,,,,,
642,,,,,,,,,
643,,,,,,,,,
644,,,,,,,,,
645,,,,,,,,,
646,,,,,,,,,
647,,,,,,,,,
648,,,,,,,,,
649,,,,,,,,,
650,,,,,,,,,
651,,,,,,,,,
652,,,,,,,,,
654,,,,,,,,,
655,,,,,,,,,
656,,,,,,,,,
657,,,,,,,,,
658,,,,,,,,,
659,,,,,,,,,
660,,,,,,,,,
661,,,,,,,,,
662,,,,,,,,,
663,,,,,,,,,
664,,,,,,,,,
665,,,,,,,,,
666,,,,,,,,,
667,,,,,,,,,
668,,,,,,,,,
669,,,,,,,,,
670,,,,,,,,,
671,,,,,,,,,
672,,,,,,,,,
673,,,,,,,,,
675,,,,,,,,,
676,,,,,,,,,
677,,,,,,,,,
678,,,,,,,,,
679,,,,,,,,,
680,,,,,,,,,
681,,,,,,,,,
682,,,,,,,,,
684,,,,,,,,,
685,,,,,,,,,
686,,,,,,,,,
687,,,,,,,,,
688,,,,,,,,,
689,,,,,,,,,
690,,,,,,,,,
691,,,,,,,,,
692,,,,,,,,,
693,,,,,,,,,
694,,,,,,,,,
695,,,,,,,,,
696,,,,,,,,,
697,,,,,,,,,
698,,,,,,,,,
699,,,,,,,,,
700,,,,,,,,,
701,,,,,,,,,
702,,,,,,,,,
703,,,,,,,,,
704,,,,,,,,,
705,,,,,,,,,
706,,,,,,,,,
707,,,,,,,,,
708,,,,,,,,,
709,,,,,,,,,
710,,,,,,,,,
711,,,,,,,,,
712,,,,,,,,,
713,,,,,,,,,
714,,,,,,,,,
715,,,,,,,,,
716,,,,,,,,,
717,,,,,,,,,
718,,,,,,,,,
719,,,,,,,,,
720,,,,,,,,,
721,,,,,,,,,
722,,,,,,,,,
723,,,,,,,,,
724,,,,,,,,,
725,,,,,,,,,
726,,,,,,,,,
727,,,,,,,,,
728,,,,,,,,,
730,,,,,,,,,
732,,,,,,,,,
734,,,,,,,,,
735,,,,,,,,,
736,,,,,,,,,
738,,,,,,,,,
739,,,,,,,,,
740,,,,,,,,,
741,,,,,,,,,
742,,,,,,,,,
743,,,,,,,,,
744,,,,,,,,,
746,,,,,,,,,
747,,,,,,,,,
748,,,,,,,,,
749,,,,,,,,,
750,,,,,,,,,
751,,,,,,,,,
752,,,,,,,,,
753,,,,,,,,,
754,,,,,,,,,
755,,,,,,,,,
756,,,,,,,,,
757,,,,,,,,,
758,,,,,,,,,
760,,,,,,,,,
761,,,,,,,,,
762,,,,,,,,,
763,,,,,,,,,
764,,,,,,,,,
765,,,,,,,,,
766,,,,,,,,,
767,,,,,,,,,
768,,,,,,,,,
769,,,,,,,,,
770,,,,,,,,,
773,,,,,,,,,
774,,,,,,,,,
777,,,,,,,,,
778,,,,,,,,,
779,,,,,,,,,
781,,,,,,,,,
782,,,,,,,,,
784,,,,,,,,,
785,,,,,,,,,
787,,,,,,,,,
788,,,,,,,,,
789,,,,,,,,,
791,,,,,,,,,
793,,,,,,,,,
794,,,,,,,,,
795,,,,,,,,,
796,,,,,,,,,
797,,,,,,,,,
798,,,,,,,,,
799,,,,,,,,,
800,,,,,,,,,
801,,,,,,,,,
802,,,,,,,,,
803,,,,,,,,,
804,,,,,,,,,
805,,,,,,,,,
806,,,,,,,,,
809,,,,,,,,,
810,,,,,,,,,
811,,,,,,,,,
812,,,,,,,,,
813,,,,,,,,,
814,,,,,,,,,
815,,,,,,,,,
816,,,,,,,,,
817,,,,,,,,,
818,,,,,,,,,
819,,,,,,,,,
821,,,,,,,,,
822,,,,,,,,,
823,,,,,,,,,
825,,,,,,,,,
830,,,,,,,,,
832,,,,,,,,,
833,,,,,,,,,
834,,,,,,,,,
835,,,,,,,,,
836,,,,,,,,,
837,,,,,,,,,
838,,,,,,,,,
840,,,,,,,,,
841,,,,,,,,,
842,,,,,,,,,
843,,,,,,,,,
844,,,,,,,,,
845,,,,,,,,,
846,,,,,,,,,
848,,,,,,,,,
849,,,,,,,,,
850,,,,,,,,,
851,,,,,,,,,
852,,,,,,,,,
853,,,,,,,,,
854,,,,,,,,,
855,,,,,,,,,
856,,,,,,,,,
857,,,,,,,,,
858,,,,,,,,,
859,,,,,,,,,
860,,,,,,,,,
861,,,,,,,,,
863,,,,,,,,,
864,,,,,,,,,
865,,,,,,,,,
866,,,,,,,,,
867,,,,,,,,,
868,,,,,,,,,
869,,,,,,,,,
870,,,,,,,,,
871,,,,,,,,,
872,,,,,,,,,
873,,,,,,,,,
874,,,,,,,,,
875,,,,,,,,,
876,,,,,,,,,
877,,,,,,,,,
878,,,,,,,,,
879,,,,,,,,,
880,,,,,,,,,
881,,,,,,,,,
882,,,,,,,,,
883,,,,,,,,,
884,,,,,,,,,
885,,,,,,,,,
886,,,,,,,,,
888,,,,,,,,,
889,,,,,,,,,
890,,,,,,,,,
891,,,,,,,,,
892,,,,,,,,,
893,,,,,,,,,
894,,,,,,,,,
895,,,,,,,,,
897,,,,,,,,,
898,,,,,,,,,
899,,,,,,,,,
900,,,,,,,,,
901,,,,,,,,,
902,,,,,,,,,
903,,,,,,,,,
904,,,,,,,,,
905,,,,,,,,,
906,,,,,,,,,
907,,,,,,,,,
908,,,,,,,,,
909,,,,,,,,,
910,,,,,,,,,
911,,,,,,,,,
912,,,,,,,,,
913,,,,,,,,,
914,,,,,,,,,
915,,,,,,,,,
916,,,,,,,,,
917,,,,,,,,,
918,,,,,,,,,
919,,,,,,,,,
920,,,,,,,,,
921,,,,,,,,,
922,,,,,,,,,
923,,,,,,,,,
924,,,,,,,,,
925,,,,,,,,,
926,,,,,,,,,
927,,,,,,,,,
928,,,,,,,,,
929,,,,,,,,,
930,,,,,,,,,
931,,,,,,,,,
932,,,,,,,,,
933,,,,,,,,,
934,,,,,,,,,
935,,,,,,,,,
936,,,,,,,,,
937,,,,,,,,,
938,,,,,,,,,
939,,,,,,,,,
940,,,,,,,,,
941,,,,,,,,,
942,,,,,,,,,
943,,,,,,,,,
944,,,,,,,,,
945,,,,,,,,,
946,,,,,,,,,
947,,,,,,,,,
948,,,,,,,,,
949,,,,,,,,,
950,,,,,,,,,
951,,,,,,,,,
952,,,,,,,,,
953,,,,,,,,,
954,,,,,,,,,
955,,,,,,,,,
956,,,,,,,,,
957,,,,,,,,,
958,,,,,,,,,
960,,,,,,,,,
961,,,,,,,,,
962,,,,,,,,,
963,,,,,,,,,
964,,,,,,,,,
965,,,,,,,,,
966,,,,,,,,,
967,,,,,,,,,
969,,,,,,,,,
971,,,,,,,,,
972,,,,,,,,,
973,,,,,,,,,
974,,,,,,,,,
975,,,,,,,,,
976,,,,,,,,,
979,,,,,,,,,
980,,,,,,,,,
981,,,,,,,,,
982,,,,,,,,,
983,,,,,,,,,
984,,,,,,,,,
985,,,,,,,,,
986,,,,,,,,,
987,,,,,,,,,
988,,,,,,,,,
989,,,,,,,,,
990,,,,,,,,,
991,,,,,,,,,
992,,,,,,,,,
993,,,,,,,,,
994,,,,,,,,,
995,,,,,,,,,
996,,,,,,,,,
997,,,,,,,,,
998,,,,,,,,,
999,,,,,,,,,
1000,,,,,,,,,
1001,,,,,,,,,
1002,,,,,,,,,
1003,,,,,,,,,
1004,,,,,,,,,
1005,,,,,,,,,
1006,,,,,,,,,
1007,,,,,,,,,
1008,,,,,,,,,
1009,,,,,,,,,
1011,,,,,,,,,
1012,,,,,,,,,
1013,,,,,,,,,
1014,,,,,,,,,
1015,,,,,,,,,
1016,,,,,,,,,
1017,,,,,,,,,
1018,,,,,,,,,
1019,,,,,,,,,
1020,,,,,,,,,
1021,,,,,,,,,
1022,,,,,,,,,
1023,,,,,,,,,
1024,,,,,,,,,
1025,,,,,,,,,
1026,,,,,,,,,
1028,,,,,,,,,
1029,,,,,,,,,
1030,,,,,,,,,
1031,,,,,,,,,
1032,,,,,,,,,
1033,,,,,,,,,
1034,,,,,,,,,
1035,,,,,,,,,
1036,,,,,,,,,
1037,,,,,,,,,
1038,,,,,,,,,
1039,,,,,,,,,
1040,,,,,,,,,
1041,,,,,,,,,
1042,,,,,,,,,
1043,,,,,,,,,
1044,,,,,,,,,
1045,,,,,,,,,
1046,,,,,,,,,
1047,,,,,,,,,
1048,,,,,,,,,
1050,,,,,,,,,
1051,,,,,,,,,
1052,,,,,,,,,
1053,,,,,,,,,
1054,,,,,,,,,
1055,,,,,,,,,
1056,,,,,,,,,
1057,,,,,,,,,
1058,,,,,,,,,
1059,,,,,,,,,
1060,,,,,,,,,
1061,,,,,,,,,
1062,,,,,,,,,
1063,,,,,,,,,
1064,,,,,,,,,
1065,,,,,,,,,
1066,,,,,,,,,
1067,,,,,,,,,
1068,,,,,,,,,
1069,,,,,,,,,
1070,,,,,,,,,
1071,,,,,,,,,
1072,,,,,,,,,
1073,,,,,,,,,
1074,,,,,,,,,
1075,,,,,,,,,
1076,,,,,,,,,
1077,,,,,,,,,
1078,,,,,,,,,
1079,,,,,,,,,
1080,,,,,,,,,
1081,,,,,,,,,
1082,,,,,,,,,
1085,,,,,,,,,
1087,,,,,,,,,
1088,,,,,,,,,
1089,,,,,,,,,
1093,,,,,,,,,
1097,,,,,,,,,
1100,,,,,,,,,
1102,,,,,,,,,
1103,,,,,,,,,
1104,,,,,,,,,
1111,,,,,,,,,
1112,,,,,,,,,
1113,,,,,,,,,
1114,,,,,,,,,
1115,,,,,,,,,
1116,,,,,,,,,
1117,,,,,,,,,
1118,,,,,,,,,
1119,,,,,,,,,
1120,,,,,,,,,
1123,,,,,,,,,
1125,,,,,,,,,
1126,,,,,,,,,
1128,,,,,,,,,
1129,,,,,,,,,
1132,,,,,,,,,
1133,,,,,,,,,
1137,,,,,,,,,
1138,,,,,,,,,
1139,,,,,,,,,
1140,,,,,,,,,
1141,,,,,,,,,
1143,,,,,,,,,
1146,,,,,,,,,
1147,,,,,,,,,
1148,,,,,,,,,
1150,,,,,,,,,
1151,,,,,,,,,
1152,,,,,,,,,
1154,,,,,,,,,
1156,,,,,,,,,
1157,,,,,,,,,
1158,,,,,,,,,
1159,,,,,,,,,
1161,,,,,,,,,
1162,,,,,,,,,
1163,,,,,,,,,
1164,,,,,,,,,
1166,,,,,,,,,
1167,,,,,,,,,
1168,,,,,,,,,
1169,,,,,,,,,
1170,,,,,,,,,
1171,,,,,,,,,
1173,,,,,,,,,
1175,,,,,,,,,
1176,,,,,,,,,
1177,,,,,,,,,
1181,,,,,,,,,
1182,,,,,,,,,
1183,,,,,,,,,
1185,,,,,,,,,
1187,,,,,,,,,
1189,,,,,,,,,
1191,,,,,,,,,
1194,,,,,,,,,
1195,,,,,,,,,
1196,,,,,,,,,
1197,,,,,,,,,
1198,,,,,,,,,
1199,,,,,,,,,
1202,,,,,,,,,
1205,,,,,,,,,
1208,,,,,,,,,
1209,,,,,,,,,
1211,,,,,,,,,
1215,,,,,,,,,
1218,,,,,,,,,
1219,,,,,,,,,
1220,,,,,,,,,
1221,,,,,,,,,
1223,,,,,,,,,
1224,,,,,,,,,
1226,,,,,,,,,
1227,,,,,,,,,
1232,,,,,,,,,
1236,,,,,,,,,
1238,,,,,,,,,
1244,,,,,,,,,
1248,,,,,,,,,
1250,,,,,,,,,
1251,,,,,,,,,
1254,,,,,,,,,
1255,,,,,,,,,
1260,,,,,,,,,
1265,,,,,,,,,
1266,,,,,,,,,
1269,,,,,,,,,
1270,,,,,,,,,
1272,,,,,,,,,
1273,,,,,,,,,
1275,,,,,,,,,
1276,,,,,,,,,
1277,,,,,,,,,
1278,,,,,,,,,
1279,,,,,,,,,
1280,,,,,,,,,
1281,,,,,,,,,
1285,,,,,,,,,
1286,,,,,,,,,
1287,,,,,,,,,
1288,,,,,,,,,
1289,,,,,,,,,
1290,,,,,,,,,
1293,,,,,,,,,
1297,,,,,,,,,
1298,,,,,,,,,
1299,,,,,,,,,
1301,,,,,,,,,
1302,,,,,,,,,
1303,,,,,,,,,
1304,,,,,,,,,
1306,,,,,,,,,
1308,,,,,,,,,
1315,,,,,,,,,
1316,,,,,,,,,
1317,,,,,,,,,
1321,,,,,,,,,
1322,,,,,,,,,
1323,,,,,,,,,
1325,,,,,,,,,
1326,,,,,,,,,
1327,,,,,,,,,
1328,,,,,,,,,
1329,,,,,,,,,
1331,,,,,,,,,
1332,,,,,,,,,
1335,,,,,,,,,
1336,,,,,,,,,
1340,,,,,,,,,
1342,,,,,,,,,
1343,,,,,,,,,
1344,,,,,,,,,
1345,,,,,,,,,
1346,,,,,,,,,
1348,,,,,,,,,
1349,,,,,,,,,
1350,,,,,,,,,
1357,,,,,,,,,
1363,,,,,,,,,
1368,,,,,,,,,
1371,,,,,,,,,
1372,,,,,,,,,
1373,,,,,,,,,
1377,,,,,,,,,
1378,,,,,,,,,
1380,,,,,,,,,
1382,,,,,,,,,
1383,,,,,,,,,
1386,,,,,,,,,
1388,,,,,,,,,
1390,,,,,,,,,
1402,,,,,,,,,
1408,,,,,,,,,
1411,,,,,,,,,
1412,,,,,,,,,
1413,,,,,,,,,
1423,,,,,,,,,
1424,,,,,,,,,
1425,,,,,,,,,
1426,,,,,,,,,
1427,,,,,,,,,
1428,,,,,,,,,
1429,,,,,,,,,
1441,,,,,,,,,
1443,,,,,,,,,
1445,,,,,,,,,
1446,,,,,,,,,
1447,,,,,,,,,
1448,,,,,,,,,
1449,,,,,,,,,
1450,,,,,,,,,
1451,,,,,,,,,
1454,,,,,,,,,
1455,,,,,,,,,
1457,,,,,,,,,
1458,,,,,,,,,
1459,,,,,,,,,
1460,,,,,,,,,
1461,,,,,,,,,
1462,,,,,,,,,
1463,,,,,,,,,
1464,,,,,,,,,
1465,,,,,,,,,
1466,,,,,,,,,
1467,,,,,,,,,
1468,,,,,,,,,
1470,,,,,,,,,
1471,,,,,,,,,
1472,,,,,,,,,
1473,,,,,,,,,
1475,,,,,,,,,
1479,,,,,,,,,
1481,,,,,,,,,
1482,,,,,,,,,
1485,,,,,,,,,
1487,,,,,,,,,
1488,,,,,,,,,
1490,,,,,,,,,
1491,,,,,,,,,
1493,,,,,,,,,
1494,,,,,,,,,
1495,,,,,,,,,
1496,,,,,,,,,
1497,,,,,,,,,
1498,,,,,,,,,
1499,,,,,,,,,
1500,,,,,,,,,
1502,,,,,,,,,
1504,,,,,,,,,
1505,,,,,,,,,
1506,,,,,,,,,
1507,,,,,,,,,
1509,,,,,,,,,
1510,,,,,,,,,
1512,,,,,,,,,
1513,,,,,,,,,
1514,,,,,,,,,
1515,,,,,,,,,
1516,,,,,,,,,
1517,,,,,,,,,
1523,,,,,,,,,
1525,,,,,,,,,
1526,,,,,,,,,
1527,,,,,,,,,
1528,,,,,,,,,
1529,,,,,,,,,
1531,,,,,,,,,
1532,,,,,,,,,
1533,,,,,,,,,
1534,,,,,,,,,
1535,,,,,,,,,
1536,,,,,,,,,
1537,,,,,,,,,
1539,,,,,,,,,
1540,,,,,,,,,
1543,,,,,,,,,
1545,,,,,,,,,
1548,,,,,,,,,
1549,,,,,,,,,
1550,,,,,,,,,
1551,,,,,,,,,
1552,,,,,,,,,
1553,,,,,,,,,
1554,,,,,,,,,
1555,,,,,,,,,
1556,,,,,,,,,
1557,,,,,,,,,
1558,,,,,,,,,
1563,,,,,,,,,
1566,,,,,,,,,
1570,,,,,,,,,
1571,,,,,,,,,
1572,,,,,,,,,
1574,,,,,,,,,
1576,,,,,,,,,
1577,,,,,,,,,
1580,,,,,,,,,
1581,,,,,,,,,
1585,,,,,,,,,
1587,,,,,,,,,
1588,,,,,,,,,
1589,,,,,,,,,
1590,,,,,,,,,
1591,,,,,,,,,
1592,,,,,,,,,
1593,,,,,,,,,
1594,,,,,,,,,
1595,,,,,,,,,
1596,,,,,,,,,
1597,,,,,,,,,
1598,,,,,,,,,
1600,,,,,,,,,
1601,,,,,,,,,
1602,,,,,,,,,
1604,,,,,,,,,
1606,,,,,,,,,
1607,,,,,,,,,
1608,,,,,,,,,
1615,,,,,,,,,
1616,,,,,,,,,
1619,,,,,,,,,
1620,,,,,,,,,
1622,,,,,,,,,
1623,,,,,,,,,
1624,,,,,,,,,
1625,,,,,,,,,
1626,,,,,,,,,
1657,,,,,,,,,
1658,,,,,,,,,
1660,,,,,,,,,
1662,,,,,,,,,
1663,,,,,,,,,
1664,,,,,,,,,
1666,,,,,,,,,
1668,,,,,,,,,
1669,,,,,,,,,
1670,,,,,,,,,
1673,,,,,,,,,
1675,,,,,,,,,
1677,,,,,,,,,
1679,,,,,,,,,
1680,,,,,,,,,
1681,,,,,,,,,
1682,,,,,,,,,
1686,,,,,,,,,
1687,,,,,,,,,
1688,,,,,,,,,
1689,,,,,,,,,
1690,,,,,,,,,
1691,,,,,,,,,
1692,,,,,,,,,
1693,,,,,,,,,
1694,,,,,,,,,
1698,,,,,,,,,
1699,,,,,,,,,
1700,,,,,,,,,
1701,,,,,,,,,
1702,,,,,,,,,
1704,,,,,,,,,
1706,,,,,,,,,
1708,,,,,,,,,
1709,,,,,,,,,
1711,,,,,,,,,
1713,,,,,,,,,
1717,,,,,,,,,
1719,,,,,,,,,
1720,,,,,,,,,
1721,,,,,,,,,
1722,,,,,,,,,
1723,,,,,,,,,
1724,,,,,,,,,
1725,,,,,,,,,
1727,,,,,,,,,
1729,,,,,,,,,
1730,,,,,,,,,
1731,,,,,,,,,
1732,,,,,,,,,
1733,,,,,,,,,
1734,,,,,,,,,
1740,,,,,,,,,
1742,,,,,,,,,
1743,,,,,,,,,
1744,,,,,,,,,
1749,,,,,,,,,
1751,,,,,,,,,
1752,,,,,,,,,
1753,,,,,,,,,
1754,,,,,,,,,
1756,,,,,,,,,
1757,,,,,,,,,
1759,,,,,,,,,
1761,,,,,,,,,
1763,,,,,,,,,
1765,,,,,,,,,
1766,,,,,,,,,
1767,,,,,,,,,
1769,,,,,,,,,
1772,,,,,,,,,
1773,,,,,,,,,
1775,,,,,,,,,
1776,,,,,,,,,
1777,,,,,,,,,
1779,,,,,,,,,
1780,,,,,,,,,
1783,,,,,,,,,
1784,,,,,,,,,
1785,,,,,,,,,
1787,,,,,,,,,
1788,,,,,,,,,
1791,,,,,,,,,
1793,,,,,,,,,
1796,,,,,,,,,
1797,,,,,,,,,
1798,,,,,,,,,
1800,,,,,,,,,
1801,,,,,,,,,
1802,,,,,,,,,
1803,,,,,,,,,
1804,,,,,,,,,
1805,,,,,,,,,
1806,,,,,,,,,
1811,,,,,,,,,
1819,,,,,,,,,
1821,,,,,,,,,
1826,,,,,,,,,
1831,,,,,,,,,
1832,,,,,,,,,
1834,,,,,,,,,
1836,,,,,,,,,
1837,,,,,,,,,
1838,,,,,,,,,
1839,,,,,,,,,
1841,,,,,,,,,
1842,,,,,,,,,
1843,,,,,,,,,
1845,,,,,,,,,
1847,,,,,,,,,
1848,,,,,,,,,
1849,,,,,,,,,
1850,,,,,,,,,
1851,,,,,,,,,
1853,,,,,,,,,
1854,,,,,,,,,
1856,,,,,,,,,
1857,,,,,,,,,
1858,,,,,,,,,
1859,,,,,,,,,
1860,,,,,,,,,
1862,,,,,,,,,
1863,,,,,,,,,
1864,,,,,,,,,
1865,,,,,,,,,
1867,,,,,,,,,
1868,,,,,,,,,
1869,,,,,,,,,
1870,,,,,,,,,
1871,,,,,,,,,
1872,,,,,,,,,
1873,,,,,,,,,
1876,,,,,,,,,
1878,,,,,,,,,
1879,,,,,,,,,
1881,,,,,,,,,
1885,,,,,,,,,
1886,,,,,,,,,
1887,,,,,,,,,
1889,,,,,,,,,
1890,,,,,,,,,
1891,,,,,,,,,
1892,,,,,,,,,
1894,,,,,,,,,
1895,,,,,,,,,
1897,,,,,,,,,
1898,,,,,,,,,
1899,,,,,,,,,
1900,,,,,,,,,
1901,,,,,,,,,
1902,,,,,,,,,
1903,,,,,,,,,
1904,,,,,,,,,
1905,,,,,,,,,
1906,,,,,,,,,
1907,,,,,,,,,
1908,,,,,,,,,
1909,,,,,,,,,
1910,,,,,,,,,
1911,,,,,,,,,
1912,,,,,,,,,
1913,,,,,,,,,
1914,,,,,,,,,
1915,,,,,,,,,
1916,,,,,,,,,
1917,,,,,,,,,
1918,,,,,,,,,
1919,,,,,,,,,
1920,,,,,,,,,
1921,,,,,,,,,
1922,,,,,,,,,
1923,,,,,,,,,
1924,,,,,,,,,
1925,,,,,,,,,
1926,,,,,,,,,
1927,,,,,,,,,
1928,,,,,,,,,
1929,,,,,,,,,
1930,,,,,,,,,
1931,,,,,,,,,
1935,,,,,,,,,
1936,,,,,,,,,
1937,,,,,,,,,
1938,,,,,,,,,
1939,,,,,,,,,
1941,,,,,,,,,
1944,,,,,,,,,
1945,,,,,,,,,
1946,,,,,,,,,
1947,,,,,,,,,
1948,,,,,,,,,
1949,,,,,,,,,
1951,,,,,,,,,
1952,,,,,,,,,
1953,,,,,,,,,
1954,,,,,,,,,
1955,,,,,,,,,
1957,,,,,,,,,
1958,,,,,,,,,
1959,,,,,,,,,
1960,,,,,,,,,
1961,,,,,,,,,
1962,,,,,,,,,
1963,,,,,,,,,
1964,,,,,,,,,
1965,,,,,,,,,
1966,,,,,,,,,
1967,,,,,,,,,
1968,,,,,,,,,
1969,,,,,,,,,
1970,,,,,,,,,
1971,,,,,,,,,
1972,,,,,,,,,
1973,,,,,,,,,
1975,,,,,,,,,
1977,,,,,,,,,
1978,,,,,,,,,
1979,,,,,,,,,
1980,,,,,,,,,
1981,,,,,,,,,
1983,,,,,,,,,
1985,,,,,,,,,
1989,,,,,,,,,
1990,,,,,,,,,
1991,,,,,,,,,
1992,,,,,,,,,
3,,1.0,4.0,1.0,4.0,5.0,1.0,88.0,
8,,2.0,3.0,2.0,2.0,2.0,3.0,3.0,
13,,4.0,4.0,3.0,5.0,4.0,4.0,4.0,
14,,3.0,3.0,3.0,5.0,3.0,5.0,5.0,
21,,5.0,5.0,5.0,5.0,5.0,5.0,5.0,
22,,2.0,2.0,5.0,5.0,88.0,5.0,88.0,
27,,1.0,1.0,1.0,1.0,1.0,1.0,88.0,
30,,2.0,2.0,2.0,2.0,2.0,2.0,2.0,
42,,1.0,1.0,1.0,1.0,1.0,1.0,1.0,
46,,3.0,5.0,3.0,5.0,3.0,5.0,6.0,
114,,3.0,3.0,4.0,3.0,4.0,5.0,1.0,
151,,4.0,4.0,5.0,4.0,4.0,4.0,4.0,
161,,1.0,5.0,2.0,2.0,2.0,5.0,88.0,
163,,1.0,5.0,4.0,4.0,4.0,5.0,4.0,
171,,1.0,1.0,1.0,1.0,1.0,4.0,1.0,
173,,88.0,5.0,6.0,6.0,6.0,88.0,4.0,
184,,5.0,4.0,4.0,4.0,4.0,4.0,5.0,
190,,1.0,2.0,1.0,88.0,88.0,2.0,1.0,
202,,1.0,1.0,1.0,1.0,88.0,1.0,1.0,
204,,1.0,3.0,3.0,3.0,1.0,1.0,2.0,
205,,5.0,5.0,4.0,4.0,4.0,4.0,4.0,
229,,2.0,4.0,2.0,5.0,7.0,3.0,2.0,
234,,1.0,5.0,4.0,4.0,5.0,4.0,4.0,
245,,1.0,1.0,1.0,1.0,1.0,1.0,1.0,
250,,4.0,3.0,5.0,5.0,4.0,4.0,3.0,
252,,5.0,4.0,4.0,4.0,4.0,4.0,88.0,
255,,1.0,88.0,5.0,88.0,88.0,88.0,5.0,
256,,5.0,5.0,4.0,4.0,4.0,5.0,5.0,
258,,2.0,4.0,4.0,4.0,4.0,5.0,3.0,
261,,3.0,1.0,2.0,3.0,3.0,3.0,3.0,
268,,5.0,4.0,4.0,4.0,5.0,3.0,3.0,
271,,3.0,4.0,5.0,5.0,4.0,6.0,5.0,
278,,4.0,4.0,5.0,4.0,5.0,4.0,4.0,
279,,6.0,5.0,5.0,5.0,99.0,5.0,5.0,
280,,1.0,1.0,1.0,1.0,88.0,1.0,1.0,
281,,3.0,4.0,2.0,2.0,4.0,4.0,4.0,
282,,1.0,3.0,4.0,4.0,5.0,4.0,5.0,
285,,3.0,4.0,3.0,3.0,3.0,3.0,3.0,
286,,3.0,4.0,4.0,3.0,4.0,5.0,5.0,
289,,88.0,88.0,88.0,88.0,88.0,88.0,88.0,
290,,4.0,4.0,2.0,2.0,2.0,2.0,2.0,
291,,1.0,1.0,1.0,2.0,4.0,1.0,1.0,
292,,5.0,4.0,4.0,5.0,5.0,6.0,4.0,
302,,1.0,3.0,2.0,2.0,2.0,1.0,1.0,
304,,4.0,5.0,4.0,5.0,5.0,5.0,4.0,
314,,3.0,4.0,1.0,3.0,4.0,4.0,4.0,
321,,5.0,4.0,6.0,4.0,5.0,4.0,4.0,
340,,3.0,3.0,1.0,3.0,88.0,88.0,88.0,
348,,88.0,88.0,88.0,88.0,88.0,88.0,88.0,
354,,5.0,5.0,5.0,5.0,5.0,5.0,5.0,
362,,4.0,4.0,6.0,2.0,3.0,2.0,4.0,
368,,3.0,3.0,2.0,4.0,4.0,88.0,3.0,
373,,4.0,3.0,1.0,1.0,1.0,3.0,99.0,
377,,5.0,88.0,3.0,3.0,4.0,3.0,88.0,
384,,5.0,4.0,5.0,6.0,2.0,1.0,4.0,
397,,1.0,5.0,6.0,6.0,7.0,7.0,3.0,
398,,1.0,3.0,3.0,1.0,88.0,2.0,2.0,
404,,6.0,5.0,6.0,5.0,6.0,6.0,6.0,
408,,4.0,5.0,5.0,5.0,5.0,6.0,5.0,
413,,4.0,5.0,5.0,3.0,5.0,5.0,5.0,
433,,6.0,5.0,5.0,7.0,5.0,5.0,5.0,
443,,6.0,6.0,6.0,6.0,7.0,7.0,6.0,
444,,3.0,3.0,1.0,5.0,4.0,5.0,1.0,
453,,3.0,4.0,3.0,6.0,4.0,7.0,1.0,
455,,3.0,3.0,2.0,5.0,3.0,2.0,2.0,
466,,3.0,5.0,88.0,88.0,88.0,88.0,88.0,
469,,1.0,1.0,1.0,1.0,1.0,1.0,1.0,
470,,2.0,2.0,2.0,2.0,2.0,2.0,2.0,
487,,5.0,5.0,88.0,5.0,5.0,6.0,5.0,
489,,1.0,2.0,6.0,1.0,1.0,2.0,1.0,
497,,3.0,3.0,2.0,4.0,5.0,5.0,3.0,
498,,5.0,4.0,4.0,3.0,3.0,4.0,4.0,
501,,1.0,3.0,1.0,3.0,1.0,1.0,1.0,
508,,1.0,88.0,1.0,2.0,3.0,1.0,2.0,
515,,4.0,3.0,3.0,4.0,5.0,4.0,4.0,
517,,1.0,1.0,1.0,1.0,1.0,1.0,1.0,
520,,2.0,1.0,2.0,2.0,3.0,2.0,3.0,
532,,3.0,1.0,1.0,1.0,1.0,3.0,1.0,
544,,4.0,88.0,5.0,5.0,3.0,4.0,3.0,
545,,4.0,5.0,3.0,3.0,3.0,4.0,4.0,
549,,3.0,7.0,4.0,4.0,5.0,4.0,5.0,
550,,2.0,2.0,2.0,2.0,3.0,3.0,2.0,
558,,6.0,6.0,6.0,6.0,6.0,6.0,6.0,
566,,2.0,3.0,2.0,2.0,2.0,2.0,2.0,
576,,3.0,4.0,4.0,4.0,4.0,3.0,3.0,
584,,5.0,6.0,6.0,5.0,6.0,4.0,5.0,
588,,2.0,2.0,2.0,2.0,2.0,2.0,2.0,
601,,5.0,4.0,5.0,3.0,4.0,3.0,3.0,
602,,5.0,4.0,4.0,4.0,3.0,4.0,3.0,
613,,3.0,4.0,3.0,1.0,1.0,5.0,5.0,
653,,7.0,5.0,4.0,5.0,4.0,4.0,4.0,
674,,2.0,3.0,1.0,3.0,3.0,3.0,3.0,
683,,4.0,5.0,5.0,4.0,4.0,5.0,1.0,
729,,4.0,4.0,5.0,4.0,4.0,3.0,4.0,
731,,1.0,2.0,1.0,2.0,2.0,2.0,2.0,
733,,3.0,5.0,1.0,5.0,6.0,2.0,4.0,
737,,4.0,4.0,4.0,4.0,5.0,3.0,3.0,
745,,3.0,5.0,6.0,6.0,99.0,5.0,1.0,
759,,1.0,88.0,1.0,4.0,1.0,2.0,2.0,
771,,7.0,6.0,6.0,7.0,4.0,1.0,3.0,
772,,5.0,6.0,6.0,6.0,6.0,5.0,5.0,
775,,6.0,5.0,5.0,5.0,6.0,5.0,5.0,
776,,5.0,5.0,5.0,4.0,5.0,5.0,5.0,
780,,4.0,4.0,1.0,5.0,2.0,2.0,1.0,
783,,1.0,3.0,2.0,2.0,3.0,3.0,3.0,
790,,4.0,4.0,5.0,4.0,4.0,4.0,5.0,
792,,2.0,2.0,1.0,2.0,2.0,3.0,2.0,
807,,3.0,5.0,6.0,5.0,6.0,6.0,5.0,
820,,1.0,6.0,5.0,5.0,4.0,5.0,4.0,
824,,1.0,5.0,88.0,5.0,88.0,5.0,4.0,
828,,2.0,3.0,3.0,3.0,2.0,3.0,7.0,
829,,1.0,1.0,4.0,2.0,88.0,4.0,88.0,
831,,3.0,5.0,4.0,5.0,4.0,5.0,5.0,
839,,3.0,88.0,3.0,3.0,3.0,3.0,88.0,
847,,2.0,3.0,3.0,3.0,3.0,3.0,3.0,
862,,3.0,3.0,1.0,1.0,1.0,2.0,3.0,
887,,5.0,4.0,3.0,4.0,5.0,4.0,5.0,
959,,2.0,4.0,4.0,5.0,3.0,5.0,2.0,
968,,4.0,88.0,6.0,88.0,88.0,5.0,4.0,
970,,3.0,88.0,3.0,2.0,2.0,2.0,2.0,
977,,5.0,6.0,5.0,5.0,4.0,6.0,88.0,
978,,1.0,4.0,4.0,4.0,4.0,5.0,4.0,
1010,,5.0,5.0,4.0,4.0,3.0,5.0,4.0,
1027,,3.0,3.0,3.0,4.0,1.0,4.0,5.0,
1049,,1.0,1.0,1.0,1.0,1.0,1.0,1.0,
1083,,6.0,5.0,6.0,7.0,6.0,6.0,6.0,
1084,,1.0,3.0,3.0,3.0,4.0,2.0,3.0,
1086,,5.0,3.0,3.0,4.0,5.0,4.0,88.0,
1090,,3.0,5.0,5.0,5.0,5.0,4.0,2.0,
1091,,1.0,1.0,1.0,1.0,88.0,1.0,1.0,
1092,,1.0,3.0,1.0,1.0,88.0,3.0,3.0,
1095,,3.0,3.0,3.0,4.0,2.0,3.0,3.0,
1098,,1.0,2.0,2.0,2.0,7.0,4.0,2.0,
1099,,2.0,2.0,2.0,3.0,4.0,4.0,2.0,
1101,,1.0,5.0,3.0,5.0,3.0,4.0,4.0,
1106,,3.0,4.0,2.0,2.0,2.0,2.0,2.0,
1107,,1.0,5.0,5.0,5.0,4.0,4.0,4.0,
1108,,3.0,5.0,3.0,3.0,3.0,3.0,3.0,
1109,,1.0,4.0,3.0,2.0,1.0,5.0,3.0,
1110,,2.0,4.0,4.0,2.0,4.0,4.0,4.0,
1121,,3.0,2.0,2.0,2.0,1.0,1.0,2.0,
1130,,3.0,4.0,4.0,3.0,3.0,4.0,2.0,
1131,,1.0,1.0,1.0,1.0,1.0,2.0,2.0,
1134,,1.0,3.0,1.0,2.0,1.0,1.0,2.0,
1136,,1.0,1.0,2.0,3.0,1.0,2.0,1.0,
1142,,1.0,5.0,1.0,1.0,1.0,1.0,1.0,
1149,,5.0,5.0,4.0,5.0,4.0,5.0,4.0,
1153,,5.0,6.0,6.0,6.0,6.0,6.0,6.0,
1165,,4.0,3.0,3.0,3.0,3.0,4.0,3.0,
1172,,3.0,3.0,3.0,3.0,3.0,3.0,3.0,
1174,,3.0,4.0,2.0,3.0,2.0,5.0,4.0,
1179,,1.0,6.0,5.0,6.0,4.0,7.0,7.0,
1180,,3.0,3.0,2.0,5.0,4.0,4.0,2.0,
1184,,1.0,4.0,1.0,1.0,1.0,5.0,5.0,
1186,,1.0,4.0,4.0,4.0,2.0,4.0,3.0,
1188,,4.0,3.0,4.0,3.0,4.0,4.0,4.0,
1190,,4.0,5.0,6.0,5.0,6.0,4.0,4.0,
1192,,3.0,5.0,6.0,4.0,4.0,6.0,5.0,
1193,,2.0,2.0,1.0,3.0,2.0,3.0,3.0,
1200,,1.0,1.0,1.0,3.0,1.0,3.0,1.0,
1201,,3.0,3.0,1.0,4.0,2.0,3.0,1.0,
1203,,1.0,1.0,1.0,1.0,1.0,1.0,1.0,
1204,,1.0,1.0,1.0,3.0,1.0,2.0,1.0,
1206,,1.0,4.0,5.0,5.0,2.0,5.0,5.0,
1207,,1.0,1.0,1.0,1.0,1.0,1.0,1.0,
1212,,1.0,3.0,1.0,3.0,2.0,4.0,3.0,
1213,,4.0,3.0,4.0,4.0,3.0,4.0,5.0,
1214,,5.0,5.0,4.0,5.0,2.0,5.0,5.0,
1217,,1.0,1.0,3.0,3.0,1.0,1.0,1.0,
1222,,5.0,4.0,4.0,6.0,3.0,3.0,4.0,
1228,,2.0,1.0,2.0,1.0,4.0,2.0,1.0,
1229,,3.0,4.0,3.0,3.0,3.0,4.0,4.0,
1233,,5.0,6.0,6.0,5.0,5.0,6.0,5.0,
1234,,4.0,4.0,4.0,5.0,3.0,5.0,4.0,
1235,,1.0,3.0,2.0,5.0,1.0,7.0,4.0,
1237,,1.0,88.0,88.0,4.0,1.0,1.0,88.0,
1239,,2.0,4.0,4.0,5.0,5.0,5.0,4.0,
1241,,5.0,5.0,5.0,5.0,4.0,5.0,5.0,
1243,,3.0,3.0,3.0,3.0,3.0,4.0,3.0,
1246,,2.0,3.0,2.0,2.0,2.0,2.0,2.0,
1247,,6.0,6.0,5.0,6.0,4.0,5.0,6.0,
1249,,4.0,4.0,1.0,4.0,3.0,4.0,5.0,
1253,,6.0,4.0,3.0,4.0,4.0,4.0,3.0,
1256,,1.0,1.0,1.0,3.0,1.0,5.0,4.0,
1258,,4.0,4.0,4.0,99.0,3.0,3.0,4.0,
1261,,4.0,5.0,5.0,5.0,4.0,5.0,5.0,
1264,,5.0,88.0,1.0,88.0,1.0,7.0,5.0,
1268,,1.0,1.0,1.0,2.0,1.0,2.0,2.0,
1271,,2.0,3.0,4.0,3.0,2.0,2.0,2.0,
1274,,1.0,1.0,1.0,1.0,1.0,1.0,1.0,
1282,,7.0,1.0,4.0,1.0,1.0,2.0,4.0,
1283,,3.0,2.0,3.0,3.0,3.0,3.0,3.0,
1284,,1.0,1.0,1.0,2.0,1.0,1.0,2.0,
1291,,1.0,1.0,1.0,1.0,1.0,1.0,1.0,
1292,,1.0,5.0,5.0,1.0,5.0,2.0,6.0,
1296,,1.0,5.0,4.0,1.0,4.0,3.0,4.0,
1300,,1.0,1.0,1.0,1.0,1.0,1.0,1.0,
1307,,5.0,5.0,4.0,4.0,2.0,2.0,2.0,
1309,,4.0,4.0,4.0,4.0,4.0,4.0,4.0,
1310,,3.0,3.0,3.0,3.0,1.0,3.0,3.0,
1311,,1.0,1.0,1.0,1.0,1.0,1.0,1.0,
1312,,99.0,99.0,99.0,99.0,99.0,99.0,99.0,
1313,,2.0,3.0,3.0,1.0,1.0,1.0,1.0,
1314,,4.0,4.0,4.0,4.0,4.0,4.0,4.0,
1318,,4.0,88.0,4.0,88.0,3.0,88.0,88.0,
1319,,6.0,6.0,6.0,6.0,4.0,6.0,6.0,
1320,,4.0,5.0,2.0,2.0,1.0,1.0,1.0,
1324,,4.0,4.0,4.0,1.0,1.0,2.0,5.0,
1330,,4.0,4.0,4.0,4.0,4.0,4.0,4.0,
1333,,1.0,2.0,4.0,5.0,4.0,4.0,4.0,
1334,,3.0,2.0,2.0,2.0,1.0,4.0,3.0,
1337,,3.0,3.0,5.0,88.0,3.0,5.0,2.0,
1339,,4.0,4.0,4.0,5.0,5.0,4.0,5.0,
1341,,2.0,4.0,3.0,3.0,2.0,4.0,3.0,
1351,,4.0,3.0,4.0,4.0,5.0,5.0,2.0,
1352,,1.0,2.0,1.0,2.0,1.0,1.0,1.0,
1353,,4.0,4.0,4.0,4.0,4.0,4.0,4.0,
1355,,1.0,1.0,1.0,1.0,1.0,1.0,1.0,
1356,,1.0,1.0,1.0,1.0,1.0,1.0,1.0,
1358,,6.0,5.0,5.0,5.0,5.0,6.0,3.0,
1359,,3.0,4.0,3.0,3.0,4.0,4.0,3.0,
1360,,1.0,2.0,1.0,1.0,1.0,2.0,1.0,
1361,,3.0,3.0,4.0,4.0,4.0,4.0,5.0,
1362,,3.0,1.0,1.0,1.0,5.0,6.0,4.0,
1367,,1.0,1.0,1.0,1.0,2.0,1.0,2.0,
1375,,1.0,4.0,4.0,4.0,88.0,3.0,3.0,
1376,,1.0,1.0,1.0,1.0,1.0,1.0,1.0,
1379,,4.0,4.0,4.0,4.0,4.0,4.0,4.0,
1381,,1.0,1.0,1.0,3.0,99.0,99.0,99.0,
1385,,1.0,1.0,1.0,1.0,1.0,1.0,2.0,
1387,,2.0,2.0,2.0,1.0,2.0,2.0,2.0,
1391,,1.0,5.0,1.0,1.0,1.0,3.0,2.0,
1392,,1.0,4.0,3.0,3.0,2.0,2.0,4.0,
1393,,1.0,1.0,1.0,1.0,1.0,2.0,1.0,
1394,,2.0,2.0,1.0,1.0,1.0,1.0,1.0,
1396,,1.0,1.0,1.0,1.0,1.0,1.0,1.0,
1397,,1.0,2.0,2.0,7.0,2.0,2.0,1.0,
1399,,1.0,3.0,1.0,1.0,1.0,5.0,5.0,
1403,,1.0,2.0,2.0,2.0,2.0,6.0,4.0,
1404,,1.0,1.0,1.0,1.0,1.0,1.0,1.0,
1406,,5.0,5.0,5.0,5.0,4.0,7.0,5.0,
1409,,1.0,6.0,1.0,6.0,3.0,3.0,5.0,
1410,,1.0,1.0,1.0,3.0,1.0,2.0,1.0,
1414,,3.0,7.0,1.0,7.0,1.0,3.0,2.0,
1415,,1.0,1.0,1.0,1.0,1.0,1.0,1.0,
1417,,1.0,1.0,1.0,1.0,1.0,1.0,1.0,
1418,,5.0,5.0,5.0,5.0,3.0,4.0,4.0,
1419,,1.0,1.0,1.0,1.0,1.0,2.0,1.0,
1430,,1.0,3.0,3.0,1.0,1.0,3.0,1.0,
1431,,2.0,3.0,1.0,1.0,1.0,3.0,3.0,
1433,,1.0,1.0,1.0,1.0,1.0,1.0,1.0,
1434,,4.0,4.0,5.0,4.0,4.0,5.0,5.0,
1435,,3.0,3.0,3.0,3.0,3.0,2.0,3.0,
1436,,1.0,5.0,1.0,1.0,1.0,5.0,5.0,
1437,,5.0,4.0,4.0,4.0,3.0,3.0,3.0,
1438,,5.0,5.0,5.0,5.0,2.0,5.0,5.0,
1439,,3.0,2.0,3.0,3.0,3.0,3.0,3.0,
1440,,4.0,4.0,4.0,4.0,4.0,4.0,4.0,
1442,,4.0,2.0,4.0,3.0,6.0,3.0,3.0,
1444,,1.0,1.0,1.0,1.0,1.0,4.0,1.0,
1452,,2.0,3.0,3.0,3.0,4.0,4.0,4.0,
1453,,3.0,3.0,2.0,5.0,3.0,5.0,5.0,
1469,,4.0,3.0,3.0,3.0,3.0,3.0,4.0,
1474,,2.0,4.0,2.0,4.0,4.0,2.0,3.0,
1476,,1.0,2.0,1.0,1.0,2.0,2.0,2.0,
1478,,2.0,4.0,1.0,3.0,2.0,2.0,2.0,
1483,,4.0,5.0,5.0,5.0,4.0,5.0,4.0,
1484,,1.0,4.0,4.0,5.0,1.0,2.0,1.0,
1486,,2.0,2.0,3.0,3.0,1.0,3.0,3.0,
1489,,2.0,3.0,2.0,2.0,2.0,3.0,2.0,
1492,,3.0,4.0,4.0,3.0,3.0,3.0,3.0,
1503,,2.0,3.0,3.0,1.0,2.0,2.0,1.0,
1508,,1.0,3.0,2.0,2.0,1.0,2.0,3.0,
1520,,4.0,4.0,3.0,4.0,1.0,1.0,2.0,
1521,,3.0,5.0,4.0,5.0,4.0,5.0,4.0,
1522,,3.0,3.0,4.0,4.0,4.0,3.0,3.0,
1524,,4.0,5.0,5.0,5.0,4.0,4.0,4.0,
1538,,1.0,2.0,2.0,2.0,2.0,2.0,1.0,
1541,,2.0,88.0,1.0,1.0,1.0,1.0,88.0,
1544,,3.0,3.0,2.0,2.0,2.0,4.0,3.0,
1546,,5.0,6.0,4.0,5.0,6.0,6.0,5.0,
1559,,2.0,2.0,2.0,2.0,2.0,2.0,2.0,
1560,,4.0,4.0,4.0,3.0,3.0,5.0,4.0,
1562,,2.0,3.0,2.0,2.0,2.0,3.0,2.0,
1564,,4.0,5.0,5.0,5.0,5.0,6.0,6.0,
1567,,1.0,4.0,3.0,3.0,3.0,4.0,3.0,
1569,,1.0,3.0,3.0,3.0,3.0,5.0,6.0,
1575,,5.0,5.0,4.0,4.0,4.0,5.0,5.0,
1578,,5.0,5.0,5.0,6.0,5.0,5.0,5.0,
1579,,1.0,4.0,5.0,5.0,6.0,2.0,2.0,
1582,,2.0,3.0,3.0,3.0,3.0,3.0,3.0,
1584,,4.0,3.0,4.0,4.0,4.0,4.0,4.0,
1599,,4.0,3.0,3.0,3.0,2.0,2.0,2.0,
1605,,3.0,3.0,3.0,3.0,1.0,3.0,3.0,
1609,,4.0,3.0,2.0,1.0,1.0,1.0,2.0,
1610,,3.0,5.0,4.0,5.0,2.0,6.0,4.0,
1611,,2.0,5.0,1.0,1.0,5.0,3.0,1.0,
1612,,1.0,2.0,2.0,3.0,1.0,1.0,1.0,
1613,,1.0,3.0,2.0,2.0,1.0,4.0,4.0,
1614,,3.0,3.0,1.0,1.0,1.0,3.0,2.0,
1617,,1.0,1.0,1.0,2.0,1.0,1.0,1.0,
1618,,4.0,4.0,4.0,5.0,4.0,5.0,5.0,
1627,,5.0,5.0,5.0,6.0,5.0,5.0,88.0,
1630,,2.0,2.0,2.0,3.0,1.0,2.0,2.0,
1631,,1.0,4.0,4.0,5.0,5.0,4.0,1.0,
1633,,3.0,3.0,1.0,1.0,1.0,1.0,1.0,
1634,,4.0,4.0,3.0,5.0,5.0,5.0,5.0,
1637,,2.0,1.0,1.0,1.0,1.0,1.0,1.0,
1638,,1.0,3.0,3.0,1.0,1.0,1.0,1.0,
1640,,3.0,5.0,6.0,5.0,3.0,5.0,3.0,
1641,,4.0,6.0,4.0,2.0,2.0,4.0,4.0,
1642,,1.0,3.0,2.0,1.0,1.0,4.0,3.0,
1644,,1.0,5.0,5.0,4.0,1.0,3.0,4.0,
1645,,3.0,3.0,2.0,2.0,1.0,2.0,2.0,
1646,,2.0,2.0,2.0,2.0,1.0,5.0,5.0,
1649,,5.0,3.0,3.0,3.0,4.0,4.0,4.0,
1652,,2.0,1.0,2.0,2.0,2.0,2.0,1.0,
1653,,2.0,5.0,4.0,3.0,3.0,5.0,3.0,
1656,,3.0,4.0,3.0,2.0,3.0,3.0,3.0,
1659,,1.0,2.0,1.0,1.0,1.0,1.0,2.0,
1661,,1.0,2.0,1.0,2.0,2.0,1.0,2.0,
1665,,5.0,4.0,3.0,4.0,2.0,3.0,4.0,
1667,,2.0,1.0,1.0,2.0,1.0,1.0,2.0,
1671,,4.0,99.0,6.0,6.0,1.0,99.0,99.0,
1672,,2.0,2.0,3.0,2.0,1.0,3.0,2.0,
1676,,4.0,4.0,3.0,3.0,2.0,4.0,4.0,
1678,,1.0,5.0,4.0,6.0,5.0,99.0,99.0,
1683,,2.0,5.0,3.0,3.0,1.0,4.0,4.0,
1684,,2.0,3.0,5.0,5.0,3.0,4.0,4.0,
1695,,3.0,2.0,3.0,2.0,3.0,2.0,2.0,
1696,,3.0,4.0,2.0,2.0,4.0,4.0,2.0,
1697,,1.0,1.0,1.0,1.0,1.0,1.0,1.0,
1703,,1.0,2.0,1.0,1.0,1.0,1.0,1.0,
1705,,1.0,1.0,1.0,1.0,1.0,3.0,1.0,
1707,,4.0,4.0,5.0,4.0,2.0,4.0,4.0,
1710,,1.0,1.0,1.0,2.0,1.0,1.0,1.0,
1712,,4.0,3.0,3.0,3.0,2.0,4.0,4.0,
1714,,4.0,4.0,3.0,3.0,1.0,1.0,4.0,
1715,,1.0,1.0,3.0,3.0,2.0,2.0,2.0,
1718,,3.0,4.0,3.0,4.0,2.0,4.0,3.0,
1735,,3.0,3.0,2.0,1.0,1.0,4.0,2.0,
1736,,5.0,5.0,5.0,5.0,6.0,5.0,5.0,
1737,,3.0,4.0,3.0,5.0,2.0,4.0,3.0,
1738,,1.0,2.0,1.0,1.0,1.0,1.0,1.0,
1739,,4.0,5.0,4.0,4.0,4.0,5.0,4.0,
1741,,1.0,1.0,1.0,1.0,1.0,1.0,1.0,
1745,,5.0,6.0,6.0,6.0,4.0,5.0,6.0,
1746,,3.0,4.0,3.0,3.0,2.0,2.0,3.0,
1747,,4.0,5.0,5.0,5.0,4.0,4.0,4.0,
1748,,4.0,5.0,4.0,4.0,3.0,4.0,88.0,
1750,,1.0,3.0,3.0,2.0,3.0,2.0,3.0,
1755,,7.0,5.0,1.0,1.0,1.0,6.0,4.0,
1758,,1.0,2.0,2.0,3.0,1.0,2.0,3.0,
1760,,3.0,3.0,2.0,3.0,2.0,3.0,2.0,
1762,,4.0,4.0,4.0,4.0,4.0,4.0,4.0,
1764,,3.0,3.0,3.0,3.0,3.0,3.0,3.0,
1768,,4.0,3.0,3.0,1.0,4.0,3.0,3.0,
1770,,1.0,1.0,1.0,1.0,1.0,1.0,1.0,
1771,,1.0,1.0,1.0,3.0,1.0,4.0,1.0,
1774,,2.0,3.0,3.0,3.0,1.0,4.0,3.0,
1778,,4.0,88.0,2.0,3.0,1.0,4.0,3.0,
1781,,4.0,4.0,3.0,1.0,3.0,2.0,4.0,
1782,,1.0,1.0,3.0,1.0,1.0,1.0,1.0,
1786,,3.0,2.0,2.0,2.0,1.0,2.0,2.0,
1789,,7.0,6.0,6.0,6.0,6.0,7.0,6.0,
1790,,1.0,1.0,3.0,4.0,4.0,4.0,3.0,
1792,,1.0,5.0,5.0,5.0,4.0,5.0,4.0,
1794,,2.0,4.0,3.0,1.0,1.0,3.0,2.0,
1795,,5.0,4.0,6.0,5.0,4.0,4.0,4.0,
1799,,1.0,1.0,1.0,4.0,1.0,3.0,2.0,
1807,,1.0,4.0,3.0,3.0,1.0,5.0,99.0,
1808,,3.0,4.0,3.0,4.0,3.0,5.0,5.0,
1809,,3.0,3.0,2.0,1.0,5.0,3.0,88.0,
1812,,2.0,6.0,2.0,5.0,1.0,5.0,5.0,
1813,,4.0,5.0,6.0,5.0,5.0,5.0,4.0,
1814,,1.0,1.0,4.0,4.0,5.0,4.0,4.0,
1815,,1.0,1.0,1.0,1.0,1.0,1.0,1.0,
1816,,5.0,5.0,5.0,5.0,5.0,5.0,5.0,
1817,,1.0,1.0,1.0,1.0,1.0,1.0,1.0,
1818,,5.0,5.0,3.0,5.0,3.0,5.0,5.0,
1820,,5.0,5.0,5.0,5.0,4.0,5.0,4.0,
1822,,1.0,3.0,4.0,7.0,88.0,5.0,4.0,
1823,,3.0,3.0,3.0,3.0,5.0,3.0,3.0,
1824,,3.0,2.0,2.0,3.0,3.0,3.0,2.0,
1825,,4.0,5.0,3.0,6.0,6.0,5.0,4.0,
1827,,1.0,1.0,1.0,1.0,1.0,1.0,1.0,
1829,,1.0,1.0,1.0,1.0,1.0,1.0,1.0,
1830,,1.0,1.0,1.0,1.0,1.0,1.0,3.0,
1840,,1.0,3.0,5.0,6.0,2.0,4.0,3.0,
1844,,4.0,5.0,5.0,4.0,4.0,6.0,5.0,
1846,,1.0,1.0,1.0,1.0,1.0,1.0,1.0,
1852,,1.0,1.0,3.0,5.0,5.0,6.0,4.0,
1855,,1.0,1.0,1.0,1.0,1.0,1.0,1.0,
1861,,3.0,4.0,1.0,5.0,1.0,4.0,4.0,
1866,,4.0,3.0,6.0,4.0,4.0,5.0,3.0,
19,,,,,5.0,0.0,,,
40,,,,,5.0,5.0,,,
129,,,,,3.0,5.0,,,
131,,,,,88.0,6.0,,,
132,,,,,9.0,88.0,,,
153,,,,,5.0,8.0,,,
214,,,,,0.0,5.0,,,
228,,,,,5.0,7.0,,,
244,,,,,4.0,5.0,,,
270,,,,,5.0,4.0,,,
295,,,,,8.0,9.0,,,
298,,,,,5.0,0.0,,,
353,,,,,3.0,3.0,,,
371,,,,,88.0,8.0,,,
383,,,,,5.0,8.0,,,
465,,,,,6.0,4.0,,,
488,,,,,1.0,2.0,,,
491,,,,,6.0,4.0,,,
514,,,,,88.0,4.0,,,
553,,,,,88.0,7.0,,,
624,,,,,0.0,0.0,,,
786,,,,,4.0,3.0,,,
808,,,,,5.0,6.0,,,
826,,,,,9.0,9.0,,,
827,,,,,3.0,3.0,,,
1096,,,,,5.0,1.0,,,
1105,,,,,5.0,4.0,,,
1124,,,,,0.0,0.0,,,
1127,,,,,8.0,5.0,,,
1145,,,,,2.0,5.0,,,
1155,,,,,5.0,3.0,,,
1160,,,,,3.0,5.0,,,
1178,,,,,6.0,3.0,,,
1210,,,,,4.0,3.0,,,
1225,,,,,0.0,0.0,,,
1230,,,,,8.0,1.0,,,
1240,,,,,5.0,88.0,,,
1245,,,,,6.0,7.0,,,
1252,,,,,3.0,3.0,,,
1262,,,,,7.0,6.0,,,
1267,,,,,2.0,5.0,,,
1305,,,,,7.0,3.0,,,
1369,,,,,5.0,5.0,,,
1370,,,,,5.0,3.0,,,
1374,,,,,3.0,5.0,,,
1384,,,,,5.0,2.0,,,
1389,,,,,5.0,3.0,,,
1395,,,,,4.0,2.0,,,
1398,,,,,5.0,4.0,,,
1401,,,,,4.0,0.0,,,
1407,,,,,0.0,0.0,,,
1421,,,,,5.0,1.0,,,
1432,,,,,5.0,2.0,,,
1456,,,,,4.0,2.0,,,
1477,,,,,8.0,5.0,,,
1480,,,,,6.0,5.0,,,
1511,,,,,3.0,2.0,,,
1518,,,,,4.0,0.0,,,
1519,,,,,3.0,2.0,,,
1530,,,,,3.0,2.0,,,
1542,,,,,1.0,2.0,,,
1547,,,,,6.0,4.0,,,
1561,,,,,5.0,2.0,,,
1583,,,,,4.0,2.0,,,
1621,,,,,6.0,6.0,,,
1629,,,,,3.0,3.0,,,
1636,,,,,1.0,0.0,,,
1643,,,,,0.0,3.0,,,
1647,,,,,4.0,0.0,,,
1651,,,,,88.0,3.0,,,
1654,,,,,3.0,3.0,,,
1726,,,,,3.0,4.0,,,
1833,,,,,88.0,3.0,,,
1135,,1.0,3.0,3.0,3.0,1.0,1.0,88.0,
311,,5.0,5.0,5.0,6.0,88.0,5.0,5.0,
468,,5.0,5.0,5.0,5.0,4.0,5.0,4.0,
1354,,4.0,3.0,4.0,4.0,3.0,3.0,3.0,
492,,3.0,3.0,2.0,2.0,5.0,2.0,2.0,
407,,3.0,2.0,3.0,2.0,1.0,1.0,1.0,
1603,,3.0,4.0,5.0,4.0,4.0,5.0,3.0,
1420,,1.0,2.0,3.0,2.0,4.0,3.0,2.0,
1422,,1.0,3.0,2.0,2.0,4.0,3.0,3.0,
1400,,1.0,1.0,1.0,2.0,2.0,2.0,2.0,
1405,,1.0,3.0,3.0,4.0,2.0,5.0,88.0,
232,,4.0,4.0,1.0,5.0,3.0,4.0,88.0,
1122,,1.0,99.0,1.0,88.0,88.0,88.0,88.0,
1648,,1.0,1.0,2.0,2.0,2.0,2.0,2.0,
1650,,4.0,3.0,3.0,2.0,3.0,4.0,3.0,
1835,,5.0,5.0,5.0,5.0,2.0,3.0,88.0,
573,,2.0,2.0,3.0,2.0,4.0,3.0,2.0,
365,,99.0,99.0,99.0,2.0,3.0,2.0,2.0,
1828,,5.0,5.0,4.0,4.0,4.0,4.0,4.0,
1294,,2.0,5.0,5.0,5.0,4.0,5.0,2.0,
1364,,5.0,5.0,4.0,4.0,5.0,5.0,5.0,
1365,,1.0,1.0,1.0,3.0,1.0,1.0,1.0,
1366,,4.0,5.0,5.0,5.0,2.0,4.0,3.0,
1639,,2.0,2.0,2.0,1.0,3.0,3.0,4.0,
240,,2.0,4.0,2.0,2.0,1.0,4.0,4.0,
1144,,3.0,2.0,1.0,3.0,1.0,4.0,3.0,
1216,,5.0,4.0,3.0,4.0,4.0,6.0,5.0,
300,,5.0,5.0,4.0,5.0,2.0,3.0,3.0,
1573,,3.0,3.0,4.0,2.0,3.0,2.0,3.0,
1338,,5.0,5.0,4.0,5.0,6.0,4.0,5.0,
1728,,3.0,1.0,2.0,3.0,2.0,4.0,1.0,
1810,,4.0,4.0,5.0,4.0,3.0,3.0,4.0,
1231,,4.0,5.0,3.0,3.0,3.0,4.0,88.0,
294,,2.0,3.0,2.0,3.0,2.0,2.0,3.0,
1094,,3.0,5.0,3.0,3.0,3.0,5.0,3.0,
1628,,3.0,3.0,4.0,4.0,3.0,4.0,3.0,
1586,,4.0,4.0,2.0,3.0,1.0,2.0,3.0,
1263,,4.0,3.0,4.0,1.0,2.0,2.0,1.0,
1565,,3.0,2.0,2.0,3.0,3.0,2.0,3.0,
1635,,3.0,2.0,3.0,4.0,3.0,3.0,3.0,
1632,,2.0,2.0,2.0,3.0,2.0,3.0,3.0,
1716,,1.0,99.0,2.0,2.0,2.0,3.0,2.0,
1993,,1.0,2.0,2.0,2.0,2.0,2.0,2.0,1.0
1994,,4.0,5.0,6.0,6.0,6.0,5.0,4.0,6.0
1995,,2.0,5.0,3.0,5.0,4.0,4.0,3.0,3.0
1996,,1.0,4.0,2.0,4.0,5.0,4.0,4.0,4.0
1997,,2.0,4.0,3.0,3.0,4.0,4.0,2.0,3.0
1998,,1.0,2.0,1.0,5.0,3.0,2.0,3.0,2.0
2000,,1.0,2.0,1.0,1.0,2.0,2.0,1.0,1.0
2001,,2.0,4.0,3.0,2.0,1.0,3.0,2.0,2.0
2002,,3.0,2.0,3.0,5.0,5.0,2.0,6.0,3.0
2003,,3.0,5.0,4.0,3.0,6.0,4.0,5.0,3.0
2004,,2.0,2.0,2.0,4.0,3.0,2.0,4.0,1.0
2005,,2.0,8.0,4.0,6.0,8.0,4.0,8.0,2.0
2006,,1.0,9.0,4.0,6.0,5.0,5.0,8.0,3.0
2007,,2.0,3.0,5.0,6.0,5.0,6.0,3.0,4.0
2008,,2.0,4.0,3.0,6.0,5.0,5.0,6.0,4.0
2009,,3.0,8.0,5.0,6.0,6.0,5.0,6.0,4.0
2010,,4.0,4.0,4.0,5.0,4.0,4.0,5.0,5.0
2011,,1.0,3.0,6.0,3.0,3.0,3.0,3.0,2.0
2012,,2.0,1.0,1.0,2.0,1.0,2.0,2.0,1.0
2013,,3.0,2.0,2.0,3.0,3.0,3.0,3.0,2.0
2014,,1.0,4.0,2.0,2.0,3.0,3.0,2.0,3.0
2015,,2.0,2.0,1.0,2.0,4.0,1.0,1.0,1.0
165,,,,,,,,,
288,,,,,,,,,
306,,,,,,,,,
896,,,,,,,,,
1242,,,,,,,,,
1257,,,,,,,,,
1259,,,,,,,,,
1295,,,,,,,,,
1347,,,,,,,,,
1416,,,,,,,,,
